,pH,Temprature,Taste,Odor,Fat ,Turbidity,Colour,Grade
0,0.5538461538461538,0.017857142857142905,1,0,1,0,0.9333333333333336,high
1,0.5538461538461538,0.0357142857142857,0,1,0,1,0.8666666666666671,high
2,0.8461538461538461,0.6428571428571429,1,1,1,1,0.3999999999999986,low
3,1.0,0.0,1,1,0,1,1.0,low
4,0.5538461538461538,0.0535714285714286,0,0,0,0,1.0,medium
5,0.5538461538461538,0.0535714285714286,1,1,1,1,1.0,high
6,0.3846153846153847,0.1964285714285714,1,0,1,1,0.6666666666666679,low
7,0.23076923076923073,0.4642857142857143,0,1,1,1,0.6666666666666679,low
8,0.7846153846153846,0.5714285714285715,1,0,1,1,1.0,low
9,0.5692307692307693,0.1964285714285714,1,1,0,0,0.466666666666665,medium
10,0.5692307692307693,0.1964285714285714,1,1,1,0,0.33333333333333215,medium
11,0.4,0.2857142857142857,0,1,1,1,1.0,low
12,0.8615384615384615,0.375,0,1,1,1,1.0,low
13,0.6769230769230771,0.9999999999999999,1,0,1,1,1.0,low
14,0.5846153846153846,0.1964285714285714,0,1,1,1,1.0,high
15,0.5384615384615384,0.0714285714285714,1,0,0,0,1.0,medium
16,0.2615384615384616,0.0714285714285714,1,0,1,0,1.0,low
17,0.0,0.1071428571428571,1,1,1,1,1.0,low
18,0.923076923076923,0.1607142857142857,1,0,1,1,0.6666666666666679,low
19,0.5846153846153846,0.1071428571428571,1,0,1,0,0.33333333333333215,medium
20,0.5538461538461538,0.1964285714285714,0,1,1,1,0.6666666666666679,high
21,0.5384615384615384,0.0357142857142857,0,0,1,0,1.0,medium
22,0.23076923076923073,0.0714285714285714,0,1,1,1,1.0,low
23,0.5538461538461538,0.1964285714285714,1,1,1,1,0.33333333333333215,high
24,0.5846153846153846,0.017857142857142905,1,0,1,0,0.3999999999999986,medium
25,0.5384615384615384,0.0357142857142857,0,1,1,0,0.8666666666666671,high
26,0.8461538461538461,0.6428571428571429,0,0,0,0,0.3999999999999986,low
27,0.5538461538461538,0.0,0,0,0,1,0.0,medium
28,0.5384615384615384,0.0535714285714286,0,0,0,0,0.33333333333333215,medium
29,0.5538461538461538,0.0535714285714286,1,0,1,0,1.0,high
30,0.5230769230769231,0.1964285714285714,0,1,0,0,0.0,medium
31,0.5384615384615384,0.1071428571428571,0,1,0,1,0.6666666666666679,low
32,0.5846153846153846,0.1428571428571429,1,1,1,1,1.0,high
33,0.5692307692307693,0.125,1,0,0,0,0.466666666666665,medium
34,0.5692307692307693,0.2857142857142857,1,1,1,0,0.33333333333333215,low
35,0.5846153846153846,0.1964285714285714,0,1,1,1,1.0,high
36,0.8615384615384615,0.375,0,1,0,0,1.0,low
37,0.6769230769230771,0.5535714285714285,0,0,0,0,1.0,low
38,0.5846153846153846,0.125,0,0,0,0,1.0,medium
39,0.5384615384615384,0.0714285714285714,1,1,1,1,1.0,high
40,0.5846153846153846,0.0714285714285714,0,0,0,0,1.0,medium
41,0.0,0.1071428571428571,1,0,0,0,1.0,low
42,0.923076923076923,0.1607142857142857,1,1,1,1,0.5333333333333314,low
43,0.5846153846153846,0.1071428571428571,1,1,1,1,1.0,high
44,0.5538461538461538,0.1964285714285714,0,0,0,1,0.6666666666666679,medium
45,0.5384615384615384,0.0357142857142857,0,0,0,0,0.466666666666665,medium
46,0.5538461538461538,0.0714285714285714,0,0,0,0,1.0,medium
47,0.5846153846153846,0.1964285714285714,1,1,1,0,0.33333333333333215,high
48,1.0,0.0,1,1,0,1,1.0,low
49,0.5384615384615384,0.0535714285714286,0,0,0,0,1.0,medium
50,0.5538461538461538,0.0535714285714286,1,1,1,1,1.0,high
51,0.3846153846153847,0.1964285714285714,1,0,1,1,0.6666666666666679,low
52,0.23076923076923073,0.4642857142857143,0,1,1,1,0.6666666666666679,low
53,0.7846153846153846,0.5714285714285715,1,0,1,1,1.0,low
54,0.5692307692307693,0.1964285714285714,1,1,0,0,0.466666666666665,medium
55,0.5692307692307693,0.1964285714285714,1,1,1,0,0.33333333333333215,medium
56,0.4,0.2857142857142857,0,1,1,1,1.0,low
57,0.8615384615384615,0.375,0,1,1,1,1.0,low
58,0.6769230769230771,0.9999999999999999,1,0,1,1,1.0,low
59,0.5846153846153846,0.1964285714285714,0,0,1,0,1.0,medium
60,0.5384615384615384,0.0714285714285714,1,0,1,0,1.0,medium
61,0.5692307692307693,0.0714285714285714,1,0,1,0,1.0,high
62,0.0,0.1071428571428571,1,1,1,1,1.0,low
63,0.923076923076923,0.1607142857142857,1,0,1,1,0.6666666666666679,low
64,0.8615384615384615,0.375,0,1,1,1,1.0,low
65,0.5846153846153846,0.1964285714285714,0,0,0,1,1.0,medium
66,0.5846153846153846,0.1964285714285714,0,1,1,1,1.0,high
67,0.5384615384615384,0.0714285714285714,1,0,0,0,1.0,medium
68,0.2615384615384616,0.0714285714285714,1,0,1,0,1.0,low
69,0.0,0.1071428571428571,1,1,1,1,1.0,low
70,0.923076923076923,0.1607142857142857,1,0,1,1,0.6666666666666679,low
71,0.5846153846153846,0.1071428571428571,1,0,1,0,0.33333333333333215,medium
72,0.5538461538461538,0.1964285714285714,0,1,1,1,0.6666666666666679,high
73,0.5384615384615384,0.0357142857142857,0,0,1,0,1.0,medium
74,0.23076923076923073,0.0714285714285714,0,1,1,1,1.0,low
75,0.5846153846153846,0.1964285714285714,1,1,1,1,0.33333333333333215,high
76,0.5384615384615384,0.017857142857142905,1,0,1,0,0.3999999999999986,medium
77,0.5846153846153846,0.0357142857142857,0,1,1,0,0.8666666666666671,high
78,0.8461538461538461,0.6428571428571429,0,0,0,0,0.3999999999999986,low
79,0.5846153846153846,0.0,0,0,0,1,0.0,medium
80,0.5384615384615384,0.0535714285714286,0,0,0,0,0.33333333333333215,medium
81,0.5538461538461538,0.0535714285714286,1,0,1,0,1.0,high
82,0.5846153846153846,0.1964285714285714,0,1,0,0,0.0,medium
83,0.6769230769230771,0.5535714285714285,0,0,0,0,1.0,low
84,0.5846153846153846,0.125,0,0,1,0,1.0,medium
85,0.5384615384615384,0.0714285714285714,1,1,1,1,1.0,high
86,0.5538461538461538,0.0714285714285714,0,0,0,0,1.0,medium
87,0.0,0.1071428571428571,1,0,0,0,1.0,low
88,0.923076923076923,0.1607142857142857,1,1,1,1,0.5333333333333314,low
89,0.5846153846153846,0.1071428571428571,1,1,1,1,1.0,high
90,0.5538461538461538,0.2857142857142857,0,0,0,1,0.6666666666666679,low
91,0.5384615384615384,0.0357142857142857,0,0,0,0,0.466666666666665,medium
92,0.5538461538461538,0.2857142857142857,0,0,0,0,1.0,low
93,0.5846153846153846,0.1964285714285714,1,1,1,0,0.33333333333333215,high
94,1.0,0.0,1,1,0,1,1.0,low
95,0.5384615384615384,0.0535714285714286,0,0,0,0,1.0,medium
96,1.0,0.0,1,1,0,1,1.0,low
97,0.5384615384615384,0.0535714285714286,0,0,0,0,1.0,medium
98,0.5538461538461538,0.0535714285714286,1,1,1,1,1.0,high
99,0.3846153846153847,0.1964285714285714,1,0,1,1,0.6666666666666679,low
100,0.23076923076923073,0.4642857142857143,0,1,1,1,0.6666666666666679,low
101,0.7846153846153846,0.5714285714285715,1,0,1,1,1.0,low
102,0.5692307692307693,0.1964285714285714,1,1,0,0,0.466666666666665,medium
103,0.5692307692307693,0.1964285714285714,1,1,1,0,0.33333333333333215,medium
104,0.4,0.2857142857142857,0,1,1,1,1.0,low
105,0.5538461538461538,0.017857142857142905,0,1,1,1,1.0,high
106,0.6769230769230771,0.9999999999999999,1,0,1,1,1.0,low
107,0.5846153846153846,0.2857142857142857,0,0,1,0,1.0,low
108,0.5384615384615384,0.0714285714285714,1,0,1,0,1.0,medium
109,0.5692307692307693,0.0714285714285714,1,0,1,0,1.0,high
110,0.0,0.1071428571428571,1,1,1,1,1.0,low
111,0.5538461538461538,0.1607142857142857,1,0,1,1,0.6666666666666679,high
112,0.8615384615384615,0.375,0,1,1,1,1.0,low
113,0.5846153846153846,0.1964285714285714,0,0,0,1,1.0,medium
114,0.5846153846153846,0.1964285714285714,0,1,1,1,1.0,high
115,0.5384615384615384,0.0714285714285714,1,0,0,0,1.0,medium
116,0.5538461538461538,0.0714285714285714,1,0,1,0,1.0,high
117,0.0,0.1071428571428571,1,1,1,1,1.0,low
118,0.923076923076923,0.1607142857142857,1,0,1,1,0.6666666666666679,low
119,0.5846153846153846,0.1071428571428571,1,0,1,0,0.33333333333333215,medium
120,0.5538461538461538,0.1964285714285714,0,0,0,1,0.6666666666666679,medium
121,0.5384615384615384,0.0357142857142857,0,0,1,0,1.0,medium
122,0.5538461538461538,0.0714285714285714,0,0,1,0,1.0,medium
123,0.5846153846153846,0.1964285714285714,1,1,1,1,0.33333333333333215,high
124,0.5384615384615384,0.375,1,0,1,0,0.3999999999999986,low
125,0.5846153846153846,0.0357142857142857,0,1,1,0,0.8666666666666671,high
126,0.8461538461538461,0.6428571428571429,0,0,0,0,0.3999999999999986,low
127,0.5846153846153846,0.1071428571428571,1,0,1,0,0.33333333333333215,medium
128,0.5538461538461538,0.1964285714285714,0,1,1,1,0.6666666666666679,high
129,0.5384615384615384,0.0357142857142857,0,0,1,0,1.0,medium
130,0.23076923076923073,0.0714285714285714,0,1,1,1,1.0,low
131,0.5846153846153846,0.1964285714285714,1,1,1,1,0.33333333333333215,high
132,0.5384615384615384,0.017857142857142905,1,0,1,0,0.3999999999999986,medium
133,0.5846153846153846,0.0357142857142857,0,1,1,0,0.8666666666666671,high
134,0.8461538461538461,0.6428571428571429,0,0,0,0,0.3999999999999986,low
135,0.5846153846153846,0.0,0,0,0,1,0.0,medium
136,0.5384615384615384,0.0535714285714286,0,0,0,0,0.33333333333333215,medium
137,0.5538461538461538,0.0535714285714286,1,0,1,0,1.0,high
138,0.5846153846153846,0.1964285714285714,0,1,0,0,0.0,medium
139,0.6769230769230771,0.5535714285714285,0,0,0,0,1.0,low
140,0.5846153846153846,0.125,0,0,1,0,1.0,medium
141,0.5384615384615384,0.0714285714285714,1,1,1,1,1.0,high
142,0.5538461538461538,0.0714285714285714,0,0,0,0,1.0,medium
143,0.0,0.1071428571428571,1,0,0,0,1.0,low
144,0.923076923076923,0.1607142857142857,1,1,1,1,0.5333333333333314,low
145,0.5846153846153846,0.1071428571428571,1,1,1,1,1.0,high
146,0.5538461538461538,0.2857142857142857,0,0,0,1,0.6666666666666679,low
147,0.5384615384615384,0.0357142857142857,0,0,0,0,0.466666666666665,medium
148,0.5538461538461538,0.2857142857142857,0,0,0,0,1.0,low
149,0.5846153846153846,0.1964285714285714,1,1,1,0,0.33333333333333215,high
150,1.0,0.0,1,1,0,1,1.0,low
151,0.5384615384615384,0.0535714285714286,0,0,0,0,1.0,medium
152,1.0,0.0,1,1,0,1,1.0,low
153,0.5384615384615384,0.0535714285714286,0,0,0,0,1.0,medium
154,0.5538461538461538,0.0535714285714286,1,1,1,1,1.0,high
155,0.3846153846153847,0.1964285714285714,1,0,1,1,0.6666666666666679,low
156,0.23076923076923073,0.4642857142857143,0,1,1,1,0.6666666666666679,low
157,0.7846153846153846,0.5714285714285715,1,0,1,1,1.0,low
158,0.5692307692307693,0.1964285714285714,1,1,0,0,0.466666666666665,medium
159,0.5692307692307693,0.1964285714285714,1,1,1,0,0.33333333333333215,medium
160,0.4,0.2857142857142857,0,1,1,1,1.0,low
161,0.5538461538461538,0.017857142857142905,0,1,1,1,1.0,high
162,0.6769230769230771,0.9999999999999999,1,0,1,1,1.0,low
163,0.5846153846153846,0.2857142857142857,0,0,1,0,1.0,low
164,0.5384615384615384,0.0714285714285714,1,0,1,0,1.0,medium
165,0.5692307692307693,0.125,1,0,0,0,0.466666666666665,medium
166,0.5692307692307693,0.2857142857142857,1,1,1,0,0.33333333333333215,low
167,0.5846153846153846,0.1964285714285714,0,1,1,1,1.0,high
168,0.8615384615384615,0.375,0,1,0,0,1.0,low
169,0.6769230769230771,0.5535714285714285,0,0,0,0,1.0,low
170,0.5846153846153846,0.125,0,0,0,0,1.0,medium
171,0.5384615384615384,0.0714285714285714,1,1,1,1,1.0,high
172,0.5846153846153846,0.0714285714285714,0,0,0,0,1.0,medium
173,0.0,0.1071428571428571,1,0,0,0,1.0,low
174,0.923076923076923,0.1607142857142857,1,1,1,1,0.5333333333333314,low
175,0.5846153846153846,0.1071428571428571,1,1,1,1,1.0,high
176,0.5538461538461538,0.1964285714285714,0,0,0,1,0.6666666666666679,medium
177,0.5384615384615384,0.0357142857142857,0,0,0,0,0.466666666666665,medium
178,0.5538461538461538,0.0714285714285714,0,0,0,0,1.0,medium
179,0.5846153846153846,0.1964285714285714,1,1,1,0,0.33333333333333215,high
180,1.0,0.0,1,1,0,1,1.0,low
181,0.5384615384615384,0.0535714285714286,0,0,0,0,1.0,medium
182,0.5538461538461538,0.0535714285714286,1,1,1,1,1.0,high
183,0.3846153846153847,0.1964285714285714,1,0,1,1,0.6666666666666679,low
184,0.23076923076923073,0.4642857142857143,0,1,1,1,0.6666666666666679,low
185,0.7846153846153846,0.5714285714285715,1,0,1,1,1.0,low
186,0.5692307692307693,0.1964285714285714,1,1,0,0,0.466666666666665,medium
187,0.5692307692307693,0.1964285714285714,1,1,1,0,0.33333333333333215,medium
188,0.4,0.2857142857142857,0,1,1,1,1.0,low
189,0.8615384615384615,0.375,0,1,1,1,1.0,low
190,0.6769230769230771,0.9999999999999999,1,0,1,1,1.0,low
191,0.5846153846153846,0.1964285714285714,0,0,1,0,1.0,medium
192,0.5384615384615384,0.0714285714285714,1,0,1,0,1.0,medium
193,0.5692307692307693,0.0714285714285714,1,0,1,0,1.0,high
194,0.0,0.1071428571428571,1,1,1,1,1.0,low
195,0.923076923076923,0.1607142857142857,1,0,1,1,0.6666666666666679,low
196,0.8615384615384615,0.375,0,1,1,1,1.0,low
197,0.5846153846153846,0.1964285714285714,0,0,0,1,1.0,medium
198,0.5846153846153846,0.1964285714285714,0,1,1,1,1.0,high
199,0.5384615384615384,0.0714285714285714,1,0,0,0,1.0,medium
200,0.2615384615384616,0.0714285714285714,1,0,1,0,1.0,low
201,0.0,0.1071428571428571,1,1,1,1,1.0,low
202,0.923076923076923,0.1607142857142857,1,0,1,1,0.6666666666666679,low
203,0.5846153846153846,0.1071428571428571,1,0,1,0,0.33333333333333215,medium
204,0.5384615384615384,0.0535714285714286,0,0,0,0,1.0,medium
205,0.5538461538461538,0.0535714285714286,1,1,1,1,1.0,high
206,0.3846153846153847,0.1964285714285714,1,0,1,1,0.6666666666666679,low
207,0.23076923076923073,0.4642857142857143,0,1,1,1,0.6666666666666679,low
208,0.7846153846153846,0.5714285714285715,1,0,1,1,1.0,low
209,0.5692307692307693,0.1964285714285714,1,1,0,0,0.466666666666665,medium
210,0.5692307692307693,0.1964285714285714,1,1,1,0,0.33333333333333215,medium
211,0.4,0.2857142857142857,0,1,1,1,1.0,low
212,0.8615384615384615,0.375,0,1,1,1,1.0,low
213,0.6769230769230771,0.9999999999999999,1,0,1,1,1.0,low
214,0.5846153846153846,0.1964285714285714,0,0,1,0,1.0,medium
215,0.5384615384615384,0.0714285714285714,1,0,1,0,1.0,medium
216,0.5692307692307693,0.0714285714285714,1,0,1,0,1.0,high
217,0.0,0.1071428571428571,1,1,1,1,1.0,low
218,0.923076923076923,0.1607142857142857,1,0,1,1,0.6666666666666679,low
219,0.8615384615384615,0.375,0,1,1,1,1.0,low
220,0.5846153846153846,0.1964285714285714,0,0,0,1,1.0,medium
221,0.5846153846153846,0.1964285714285714,0,1,1,1,1.0,high
222,0.5384615384615384,0.0714285714285714,1,0,0,0,1.0,medium
223,0.2615384615384616,0.0714285714285714,1,0,1,0,1.0,low
224,0.0,0.1071428571428571,1,1,1,1,1.0,low
225,0.923076923076923,0.1607142857142857,1,0,1,1,0.6666666666666679,low
226,0.5846153846153846,0.1071428571428571,1,0,1,0,0.33333333333333215,medium
227,0.5538461538461538,0.1964285714285714,0,1,1,1,0.6666666666666679,high
228,0.5384615384615384,0.0357142857142857,0,0,1,0,1.0,medium
229,0.23076923076923073,0.0714285714285714,0,1,1,1,1.0,low
230,0.5846153846153846,0.1964285714285714,1,1,1,1,0.33333333333333215,high
231,0.5384615384615384,0.017857142857142905,1,0,1,0,0.3999999999999986,medium
232,0.5846153846153846,0.0357142857142857,0,1,1,0,0.8666666666666671,high
233,0.8461538461538461,0.6428571428571429,0,0,0,0,0.3999999999999986,low
234,0.5846153846153846,0.0,0,0,0,1,0.0,medium
235,0.5384615384615384,0.0535714285714286,0,0,0,0,0.33333333333333215,medium
236,0.5538461538461538,0.0535714285714286,1,0,1,0,1.0,high
237,0.5846153846153846,0.1964285714285714,0,1,0,0,0.0,medium
238,0.6769230769230771,0.5535714285714285,0,0,0,0,1.0,low
239,0.5846153846153846,0.125,0,0,1,0,1.0,medium
240,0.5384615384615384,0.0714285714285714,1,1,1,1,1.0,high
241,0.5538461538461538,0.0714285714285714,0,0,0,0,1.0,medium
242,0.0,0.1071428571428571,1,0,0,0,1.0,low
243,0.923076923076923,0.1607142857142857,1,1,1,1,0.5333333333333314,low
244,0.5384615384615384,0.0714285714285714,1,0,1,0,1.0,medium
245,0.5692307692307693,0.0714285714285714,1,0,1,0,1.0,high
246,0.0,0.1071428571428571,1,1,1,1,1.0,low
247,0.5538461538461538,0.1607142857142857,1,0,1,1,0.6666666666666679,high
248,0.8615384615384615,0.375,0,1,1,1,1.0,low
249,0.5846153846153846,0.1964285714285714,0,0,0,1,1.0,medium
250,0.5846153846153846,0.1964285714285714,0,1,1,1,1.0,high
251,0.5384615384615384,0.0714285714285714,1,0,0,0,1.0,medium
252,0.5538461538461538,0.0714285714285714,1,0,1,0,1.0,high
253,0.0,0.1071428571428571,1,1,1,1,1.0,low
254,0.923076923076923,0.1607142857142857,1,0,1,1,0.6666666666666679,low
255,0.5846153846153846,0.1071428571428571,1,0,1,0,0.33333333333333215,medium
256,0.5538461538461538,0.1964285714285714,0,0,0,1,0.6666666666666679,medium
257,0.5384615384615384,0.0357142857142857,0,0,1,0,1.0,medium
258,0.5538461538461538,0.0714285714285714,0,0,1,0,1.0,medium
259,0.5846153846153846,0.1964285714285714,1,1,1,1,0.33333333333333215,high
260,0.5384615384615384,0.375,1,0,1,0,0.3999999999999986,low
261,0.5846153846153846,0.0357142857142857,0,1,1,0,0.8666666666666671,high
262,0.8461538461538461,0.6428571428571429,0,0,0,0,0.3999999999999986,low
263,0.5846153846153846,0.1071428571428571,1,0,1,0,0.33333333333333215,medium
264,0.5538461538461538,0.1964285714285714,0,1,1,1,0.6666666666666679,high
265,0.5384615384615384,0.0357142857142857,0,0,1,0,1.0,medium
266,0.23076923076923073,0.0714285714285714,0,1,1,1,1.0,low
267,0.5846153846153846,0.1964285714285714,1,1,1,1,0.33333333333333215,high
268,0.5384615384615384,0.017857142857142905,1,0,1,0,0.3999999999999986,medium
269,0.5846153846153846,0.0357142857142857,0,1,1,0,0.8666666666666671,high
270,0.8461538461538461,0.6428571428571429,0,0,0,0,0.3999999999999986,low
271,0.5846153846153846,0.0,0,0,0,1,0.0,medium
272,0.923076923076923,0.1607142857142857,1,1,1,1,0.5333333333333314,low
273,0.5846153846153846,0.1071428571428571,1,1,1,1,1.0,high
274,0.5538461538461538,0.2857142857142857,0,0,0,1,0.6666666666666679,low
275,0.5384615384615384,0.0357142857142857,0,0,0,0,0.466666666666665,medium
276,0.5538461538461538,0.2857142857142857,0,0,0,0,1.0,low
277,0.5846153846153846,0.1964285714285714,1,1,1,0,0.33333333333333215,high
278,1.0,0.0,1,1,0,1,1.0,low
279,0.5384615384615384,0.0535714285714286,0,0,0,0,1.0,medium
280,1.0,0.0,1,1,0,1,1.0,low
281,0.5384615384615384,0.0535714285714286,0,0,0,0,1.0,medium
282,0.5538461538461538,0.0535714285714286,1,1,1,1,1.0,high
283,0.3846153846153847,0.1964285714285714,1,0,1,1,0.6666666666666679,low
284,0.23076923076923073,0.4642857142857143,0,1,1,1,0.6666666666666679,low
285,0.7846153846153846,0.5714285714285715,1,0,1,1,1.0,low
286,0.5692307692307693,0.1964285714285714,1,1,0,0,0.466666666666665,medium
287,0.5692307692307693,0.1964285714285714,1,1,1,0,0.33333333333333215,medium
288,0.4,0.2857142857142857,0,1,1,1,1.0,low
289,0.5538461538461538,0.017857142857142905,0,1,1,1,1.0,high
290,0.6769230769230771,0.9999999999999999,1,0,1,1,1.0,low
291,0.5846153846153846,0.2857142857142857,0,0,1,0,1.0,low
292,0.5384615384615384,0.0714285714285714,1,0,1,0,1.0,medium
293,0.5692307692307693,0.125,1,0,0,0,0.466666666666665,medium
294,0.5692307692307693,0.2857142857142857,1,1,1,0,0.33333333333333215,low
295,0.5846153846153846,0.1964285714285714,0,1,1,1,1.0,high
296,0.8615384615384615,0.375,0,1,0,0,1.0,low
297,0.6769230769230771,0.5535714285714285,0,0,0,0,1.0,low
298,0.5846153846153846,0.125,0,0,0,0,1.0,medium
299,0.5384615384615384,0.0714285714285714,1,1,1,1,1.0,high
300,0.5846153846153846,0.0714285714285714,0,0,0,0,1.0,medium
301,0.0,0.1071428571428571,1,0,0,0,1.0,low
302,0.923076923076923,0.1607142857142857,1,1,1,1,0.5333333333333314,low
303,0.5846153846153846,0.1071428571428571,1,1,1,1,1.0,high
304,0.5538461538461538,0.1964285714285714,0,0,0,1,0.6666666666666679,medium
305,0.5384615384615384,0.0357142857142857,0,0,0,0,0.466666666666665,medium
306,0.5538461538461538,0.0714285714285714,0,0,0,0,1.0,medium
307,0.5846153846153846,0.1964285714285714,1,1,1,0,0.33333333333333215,high
308,1.0,0.0,1,1,0,1,1.0,low
309,0.5384615384615384,0.0535714285714286,0,0,0,0,1.0,medium
310,0.5538461538461538,0.0535714285714286,1,1,1,1,1.0,high
311,0.3846153846153847,0.1964285714285714,1,0,1,1,0.6666666666666679,low
312,0.23076923076923073,0.4642857142857143,0,1,1,1,0.6666666666666679,low
313,0.7846153846153846,0.5714285714285715,1,0,1,1,1.0,low
314,0.5692307692307693,0.1964285714285714,1,1,0,0,0.466666666666665,medium
315,0.5692307692307693,0.1964285714285714,1,1,1,0,0.33333333333333215,medium
316,0.4,0.2857142857142857,0,1,1,1,1.0,low
317,0.8615384615384615,0.375,0,1,1,1,1.0,low
318,0.6769230769230771,0.9999999999999999,1,0,1,1,1.0,low
319,0.5846153846153846,0.1964285714285714,0,0,1,0,1.0,medium
320,0.5384615384615384,0.0714285714285714,1,0,1,0,1.0,medium
321,0.5692307692307693,0.0714285714285714,1,0,1,0,1.0,high
322,0.0,0.1071428571428571,1,1,1,1,1.0,low
323,0.923076923076923,0.1607142857142857,1,0,1,1,0.6666666666666679,low
324,0.8615384615384615,0.375,0,1,1,1,1.0,low
325,0.5846153846153846,0.1964285714285714,0,0,0,1,1.0,medium
326,0.5846153846153846,0.1964285714285714,0,1,1,1,1.0,high
327,0.5384615384615384,0.0714285714285714,1,0,0,0,1.0,medium
328,0.2615384615384616,0.0714285714285714,1,0,1,0,1.0,low
329,0.0,0.1071428571428571,1,1,1,1,1.0,low
330,0.923076923076923,0.1607142857142857,1,0,1,1,0.6666666666666679,low
331,0.5846153846153846,0.1071428571428571,1,0,1,0,0.33333333333333215,medium
332,0.5384615384615384,0.0535714285714286,0,0,0,0,1.0,medium
333,0.5538461538461538,0.0535714285714286,1,1,1,1,1.0,high
334,0.3846153846153847,0.1964285714285714,1,0,1,1,0.6666666666666679,low
335,0.23076923076923073,0.4642857142857143,0,1,1,1,0.6666666666666679,low
336,0.7846153846153846,0.5714285714285715,1,0,1,1,1.0,low
337,0.5692307692307693,0.1964285714285714,1,1,0,0,0.466666666666665,medium
338,0.5692307692307693,0.1964285714285714,1,1,1,0,0.33333333333333215,medium
339,0.4,0.2857142857142857,0,1,1,1,1.0,low
340,0.8615384615384615,0.375,0,1,1,1,1.0,low
341,0.6769230769230771,0.9999999999999999,1,0,1,1,1.0,low
342,0.5846153846153846,0.1964285714285714,0,0,1,0,1.0,medium
343,0.5384615384615384,0.0714285714285714,1,0,1,0,1.0,medium
344,0.5692307692307693,0.0714285714285714,1,0,1,0,1.0,high
345,0.0,0.1071428571428571,1,1,1,1,1.0,low
346,0.923076923076923,0.1607142857142857,1,0,1,1,0.6666666666666679,low
347,0.8615384615384615,0.375,0,1,1,1,1.0,low
348,0.5846153846153846,0.1964285714285714,0,0,0,1,1.0,medium
349,0.5846153846153846,0.1964285714285714,0,1,1,1,1.0,high
350,0.5384615384615384,0.0714285714285714,1,0,0,0,1.0,medium
351,0.2615384615384616,0.0714285714285714,1,0,1,0,1.0,low
352,0.0,0.1071428571428571,1,1,1,1,1.0,low
353,0.923076923076923,0.1607142857142857,1,0,1,1,0.6666666666666679,low
354,0.5846153846153846,0.1071428571428571,1,0,1,0,0.33333333333333215,medium
355,0.5538461538461538,0.1964285714285714,0,1,1,1,0.6666666666666679,high
356,0.5384615384615384,0.0357142857142857,0,0,1,0,1.0,medium
357,0.23076923076923073,0.0714285714285714,0,1,1,1,1.0,low
358,0.5846153846153846,0.1964285714285714,1,1,1,1,0.33333333333333215,high
359,0.5384615384615384,0.017857142857142905,1,0,1,0,0.3999999999999986,medium
360,0.5846153846153846,0.0357142857142857,0,1,1,0,0.8666666666666671,high
361,0.8461538461538461,0.6428571428571429,0,0,0,0,0.3999999999999986,low
362,0.5846153846153846,0.0,0,0,0,1,0.0,medium
363,0.5384615384615384,0.0535714285714286,0,0,0,0,0.33333333333333215,medium
364,0.5538461538461538,0.0535714285714286,1,0,1,0,1.0,high
365,0.5846153846153846,0.1964285714285714,0,1,0,0,0.0,medium
366,0.6769230769230771,0.5535714285714285,0,0,0,0,1.0,low
367,0.5846153846153846,0.125,0,0,1,0,1.0,medium
368,0.5384615384615384,0.0714285714285714,1,1,1,1,1.0,high
369,0.5538461538461538,0.0714285714285714,0,0,0,0,1.0,medium
370,0.0,0.1071428571428571,1,0,0,0,1.0,low
371,0.923076923076923,0.1607142857142857,1,1,1,1,0.5333333333333314,low
372,0.5384615384615384,0.0714285714285714,1,0,1,0,1.0,medium
373,0.5692307692307693,0.0714285714285714,1,0,1,0,1.0,high
374,0.0,0.1071428571428571,1,1,1,1,1.0,low
375,0.5538461538461538,0.1607142857142857,1,0,1,1,0.6666666666666679,high
376,0.8615384615384615,0.375,0,1,1,1,1.0,low
377,0.5846153846153846,0.1964285714285714,0,0,0,1,1.0,medium
378,0.5846153846153846,0.1964285714285714,0,1,1,1,1.0,high
379,0.5384615384615384,0.0714285714285714,1,0,0,0,1.0,medium
380,0.5538461538461538,0.0714285714285714,1,0,1,0,1.0,high
381,0.0,0.1071428571428571,1,1,1,1,1.0,low
382,0.923076923076923,0.1607142857142857,1,0,1,1,0.6666666666666679,low
383,0.5846153846153846,0.1071428571428571,1,0,1,0,0.33333333333333215,medium
384,0.5538461538461538,0.1964285714285714,0,0,0,1,0.6666666666666679,medium
385,0.5384615384615384,0.0357142857142857,0,0,1,0,1.0,medium
386,0.5846153846153846,0.1964285714285714,0,1,1,1,1.0,high
387,0.5384615384615384,0.0714285714285714,1,0,0,0,1.0,medium
388,0.2615384615384616,0.0714285714285714,1,0,1,0,1.0,low
389,0.0,0.1071428571428571,1,1,1,1,1.0,low
390,0.923076923076923,0.1607142857142857,1,0,1,1,0.6666666666666679,low
391,0.5846153846153846,0.1071428571428571,1,0,1,0,0.33333333333333215,medium
392,0.5538461538461538,0.1964285714285714,0,1,1,1,0.6666666666666679,high
393,0.5384615384615384,0.0357142857142857,0,0,1,0,1.0,medium
394,0.23076923076923073,0.0714285714285714,0,1,1,1,1.0,low
395,0.5846153846153846,0.1964285714285714,1,1,1,1,0.33333333333333215,high
396,0.5384615384615384,0.017857142857142905,1,0,1,0,0.3999999999999986,medium
397,0.5846153846153846,0.0357142857142857,0,1,1,0,0.8666666666666671,high
398,0.8461538461538461,0.6428571428571429,0,0,0,0,0.3999999999999986,low
399,0.5846153846153846,0.0,0,0,0,1,0.0,medium
400,0.5384615384615384,0.0535714285714286,0,0,0,0,0.33333333333333215,medium
401,0.5538461538461538,0.0535714285714286,1,0,1,0,1.0,high
402,0.5846153846153846,0.1964285714285714,0,1,0,0,0.0,medium
403,0.6769230769230771,0.5535714285714285,0,0,0,0,1.0,low
404,0.5846153846153846,0.125,0,0,1,0,1.0,medium
405,0.5384615384615384,0.0714285714285714,1,1,1,1,1.0,high
406,0.5538461538461538,0.0714285714285714,0,0,0,0,1.0,medium
407,0.0,0.1071428571428571,1,0,0,0,1.0,low
408,0.923076923076923,0.1607142857142857,1,1,1,1,0.5333333333333314,low
409,0.5846153846153846,0.1071428571428571,1,1,1,1,1.0,high
410,0.5538461538461538,0.2857142857142857,0,0,0,1,0.6666666666666679,low
411,0.5384615384615384,0.0357142857142857,0,0,0,0,0.466666666666665,medium
412,0.5538461538461538,0.2857142857142857,0,0,0,0,1.0,low
413,0.5846153846153846,0.1964285714285714,1,1,1,0,0.33333333333333215,high
414,1.0,0.0,1,1,0,1,1.0,low
415,0.5384615384615384,0.0535714285714286,0,0,0,0,1.0,medium
416,1.0,0.0,1,1,0,1,1.0,low
417,0.5384615384615384,0.0535714285714286,0,0,0,0,1.0,medium
418,0.5538461538461538,0.0535714285714286,1,1,1,1,1.0,high
419,0.3846153846153847,0.1964285714285714,1,0,1,1,0.6666666666666679,low
420,0.23076923076923073,0.4642857142857143,0,1,1,1,0.6666666666666679,low
421,0.7846153846153846,0.5714285714285715,1,0,1,1,1.0,low
422,0.5692307692307693,0.1964285714285714,1,1,0,0,0.466666666666665,medium
423,0.5692307692307693,0.1964285714285714,1,1,1,0,0.33333333333333215,medium
424,0.4,0.2857142857142857,0,1,1,1,1.0,low
425,0.5538461538461538,0.017857142857142905,0,1,1,1,1.0,high
426,0.6769230769230771,0.9999999999999999,1,0,1,1,1.0,low
427,0.5846153846153846,0.2857142857142857,0,0,1,0,1.0,low
428,0.5384615384615384,0.0714285714285714,1,0,1,0,1.0,medium
429,0.5692307692307693,0.0714285714285714,1,0,1,0,1.0,high
430,0.0,0.1071428571428571,1,1,1,1,1.0,low
431,0.5538461538461538,0.1607142857142857,1,0,1,1,0.6666666666666679,high
432,0.8615384615384615,0.375,0,1,1,1,1.0,low
433,0.5846153846153846,0.1964285714285714,0,0,0,1,1.0,medium
434,0.5846153846153846,0.1964285714285714,0,1,1,1,1.0,high
435,0.5384615384615384,0.0714285714285714,1,0,0,0,1.0,medium
436,0.5538461538461538,0.0714285714285714,1,0,1,0,1.0,high
437,0.0,0.1071428571428571,1,1,1,1,1.0,low
438,0.923076923076923,0.1607142857142857,1,0,1,1,0.6666666666666679,low
439,0.5846153846153846,0.1071428571428571,1,0,1,0,0.33333333333333215,medium
440,0.5538461538461538,0.1964285714285714,0,0,0,1,0.6666666666666679,medium
441,0.5384615384615384,0.0357142857142857,0,0,1,0,1.0,medium
442,0.5538461538461538,0.0714285714285714,0,0,1,0,1.0,medium
443,0.5846153846153846,0.1964285714285714,1,1,1,1,0.33333333333333215,high
444,0.5384615384615384,0.375,1,0,1,0,0.3999999999999986,low
445,0.5846153846153846,0.0357142857142857,0,1,1,0,0.8666666666666671,high
446,0.8461538461538461,0.6428571428571429,0,0,0,0,0.3999999999999986,low
447,0.5846153846153846,0.1071428571428571,1,0,1,0,0.33333333333333215,medium
448,0.5538461538461538,0.1964285714285714,0,1,1,1,0.6666666666666679,high
449,0.5384615384615384,0.0357142857142857,0,0,1,0,1.0,medium
450,0.23076923076923073,0.0714285714285714,0,1,1,1,1.0,low
451,0.5846153846153846,0.1964285714285714,1,1,1,1,0.33333333333333215,high
452,0.5384615384615384,0.017857142857142905,1,0,1,0,0.3999999999999986,medium
453,0.5846153846153846,0.0357142857142857,0,1,1,0,0.8666666666666671,high
454,0.8461538461538461,0.6428571428571429,0,0,0,0,0.3999999999999986,low
455,0.5538461538461538,0.2857142857142857,0,0,0,0,1.0,low
456,0.5846153846153846,0.1964285714285714,1,1,1,0,0.33333333333333215,high
457,1.0,0.0,1,1,0,1,1.0,low
458,0.5384615384615384,0.0535714285714286,0,0,0,0,1.0,medium
459,1.0,0.0,1,1,0,1,1.0,low
460,0.5384615384615384,0.0535714285714286,0,0,0,0,1.0,medium
461,0.5538461538461538,0.0535714285714286,1,1,1,1,1.0,high
462,0.3846153846153847,0.1964285714285714,1,0,1,1,0.6666666666666679,low
463,0.23076923076923073,0.4642857142857143,0,1,1,1,0.6666666666666679,low
464,0.7846153846153846,0.5714285714285715,1,0,1,1,1.0,low
465,0.5692307692307693,0.1964285714285714,1,1,0,0,0.466666666666665,medium
466,0.5692307692307693,0.1964285714285714,1,1,1,0,0.33333333333333215,medium
467,0.4,0.2857142857142857,0,1,1,1,1.0,low
468,0.5538461538461538,0.017857142857142905,0,1,1,1,1.0,high
469,0.6769230769230771,0.9999999999999999,1,0,1,1,1.0,low
470,0.5846153846153846,0.2857142857142857,0,0,1,0,1.0,low
471,0.5384615384615384,0.0714285714285714,1,0,1,0,1.0,medium
472,0.5692307692307693,0.0714285714285714,1,0,1,0,1.0,high
473,0.0,0.1071428571428571,1,1,1,1,1.0,low
474,0.5538461538461538,0.1607142857142857,1,0,1,1,0.6666666666666679,high
475,0.8615384615384615,0.375,0,1,1,1,1.0,low
476,0.5846153846153846,0.1964285714285714,0,0,0,1,1.0,medium
477,0.5846153846153846,0.1964285714285714,0,1,1,1,1.0,high
478,0.5384615384615384,0.0714285714285714,1,0,0,0,1.0,medium
479,0.5538461538461538,0.0714285714285714,1,0,1,0,1.0,high
480,0.0,0.1071428571428571,1,1,1,1,1.0,low
481,0.923076923076923,0.1607142857142857,1,0,1,1,0.6666666666666679,low
482,0.5846153846153846,0.1071428571428571,1,0,1,0,0.33333333333333215,medium
483,0.5538461538461538,0.1964285714285714,0,0,0,1,0.6666666666666679,medium
484,0.5384615384615384,0.0357142857142857,0,0,1,0,1.0,medium
485,0.5538461538461538,0.0714285714285714,0,0,1,0,1.0,medium
486,0.5846153846153846,0.1964285714285714,1,1,1,1,0.33333333333333215,high
487,0.5384615384615384,0.375,1,0,1,0,0.3999999999999986,low
488,0.5846153846153846,0.0357142857142857,0,1,1,0,0.8666666666666671,high
489,0.8461538461538461,0.6428571428571429,0,0,0,0,0.3999999999999986,low
490,0.5846153846153846,0.1071428571428571,1,0,1,0,0.33333333333333215,medium
491,0.5538461538461538,0.1964285714285714,0,1,1,1,0.6666666666666679,high
492,0.5384615384615384,0.0357142857142857,0,0,1,0,1.0,medium
493,0.23076923076923073,0.0714285714285714,0,1,1,1,1.0,low
494,0.5846153846153846,0.1964285714285714,1,1,1,1,0.33333333333333215,high
495,0.5384615384615384,0.017857142857142905,1,0,1,0,0.3999999999999986,medium
496,0.5846153846153846,0.0357142857142857,0,1,1,0,0.8666666666666671,high
497,0.8461538461538461,0.6428571428571429,0,0,0,0,0.3999999999999986,low
498,0.5846153846153846,0.0,0,0,0,1,0.0,medium
499,0.5384615384615384,0.0535714285714286,0,0,0,0,0.33333333333333215,medium
500,0.5538461538461538,0.0535714285714286,1,0,1,0,1.0,high
501,0.5846153846153846,0.1964285714285714,0,1,0,0,0.0,medium
502,0.6769230769230771,0.5535714285714285,0,0,0,0,1.0,low
503,0.5846153846153846,0.125,0,0,1,0,1.0,medium
504,0.5384615384615384,0.0714285714285714,1,1,1,1,1.0,high
505,0.5538461538461538,0.0714285714285714,0,0,0,0,1.0,medium
506,0.0,0.1071428571428571,1,0,0,0,1.0,low
507,0.923076923076923,0.1607142857142857,1,1,1,1,0.5333333333333314,low
508,0.5846153846153846,0.1071428571428571,1,1,1,1,1.0,high
509,0.5538461538461538,0.2857142857142857,0,0,0,1,0.6666666666666679,low
510,0.5384615384615384,0.0357142857142857,0,0,0,0,0.466666666666665,medium
511,0.5538461538461538,0.2857142857142857,0,0,0,0,1.0,low
512,0.5846153846153846,0.1964285714285714,1,1,1,0,0.33333333333333215,high
513,1.0,0.0,1,1,0,1,1.0,low
514,0.5384615384615384,0.0535714285714286,0,0,0,0,1.0,medium
515,1.0,0.0,1,1,0,1,1.0,low
516,0.5384615384615384,0.0535714285714286,0,0,0,0,1.0,medium
517,0.5538461538461538,0.0535714285714286,1,1,1,1,1.0,high
518,0.3846153846153847,0.1964285714285714,1,0,1,1,0.6666666666666679,low
519,0.23076923076923073,0.4642857142857143,0,1,1,1,0.6666666666666679,low
520,0.7846153846153846,0.5714285714285715,1,0,1,1,1.0,low
521,0.5692307692307693,0.1964285714285714,1,1,0,0,0.466666666666665,medium
522,0.5692307692307693,0.1964285714285714,1,1,1,0,0.33333333333333215,medium
523,0.4,0.2857142857142857,0,1,1,1,1.0,low
524,0.5538461538461538,0.017857142857142905,0,1,1,1,1.0,high
525,0.6769230769230771,0.9999999999999999,1,0,1,1,1.0,low
526,0.5846153846153846,0.2857142857142857,0,0,1,0,1.0,low
527,0.5384615384615384,0.0714285714285714,1,0,1,0,1.0,medium
528,0.5692307692307693,0.125,1,0,0,0,0.466666666666665,medium
529,0.5692307692307693,0.2857142857142857,1,1,1,0,0.33333333333333215,low
530,0.5846153846153846,0.1964285714285714,0,1,1,1,1.0,high
531,0.5538461538461538,0.1964285714285714,0,1,0,0,1.0,medium
532,0.6769230769230771,0.5535714285714285,0,0,0,0,1.0,low
533,0.5846153846153846,0.125,0,0,0,0,1.0,medium
534,0.5384615384615384,0.0714285714285714,1,1,1,1,1.0,high
535,0.5846153846153846,0.0714285714285714,0,0,0,0,1.0,medium
536,0.0,0.1071428571428571,1,0,0,0,1.0,low
537,0.923076923076923,0.1607142857142857,1,1,1,1,0.5333333333333314,low
538,0.5846153846153846,0.1071428571428571,1,1,1,1,1.0,high
539,0.5538461538461538,0.2857142857142857,0,0,0,1,0.6666666666666679,low
540,0.5384615384615384,0.0357142857142857,0,0,0,0,0.466666666666665,medium
541,0.5538461538461538,0.0714285714285714,0,0,0,0,1.0,medium
542,0.5846153846153846,0.1964285714285714,1,1,1,0,0.33333333333333215,high
543,1.0,0.0,1,1,0,1,1.0,low
544,0.5384615384615384,0.0535714285714286,0,0,0,0,1.0,medium
545,0.5538461538461538,0.0535714285714286,1,1,1,1,1.0,high
546,0.3846153846153847,0.1964285714285714,1,0,1,1,0.6666666666666679,low
547,0.5384615384615384,0.1071428571428571,1,0,0,0,0.6666666666666679,medium
548,0.7846153846153846,0.5714285714285715,1,0,1,1,1.0,low
549,0.5692307692307693,0.1964285714285714,1,1,0,0,0.466666666666665,medium
550,0.5692307692307693,0.0714285714285714,1,0,1,0,1.0,high
551,0.0,0.1071428571428571,1,1,1,1,1.0,low
552,0.5846153846153846,0.1607142857142857,1,0,1,0,0.6666666666666679,high
553,0.8615384615384615,0.375,0,1,1,1,1.0,low
554,0.5846153846153846,0.375,0,0,0,1,1.0,low
555,0.5846153846153846,0.1964285714285714,0,1,1,1,1.0,high
556,0.5384615384615384,0.0714285714285714,1,0,0,0,1.0,medium
557,0.2615384615384616,0.0714285714285714,1,0,1,0,1.0,low
558,0.0,0.1071428571428571,1,1,1,1,1.0,low
559,0.923076923076923,0.1607142857142857,1,0,1,1,0.6666666666666679,low
560,0.5846153846153846,0.1071428571428571,1,0,1,0,0.33333333333333215,medium
561,0.5538461538461538,0.1964285714285714,0,1,1,1,0.6666666666666679,high
562,0.5384615384615384,0.0357142857142857,0,0,1,0,1.0,medium
563,0.23076923076923073,0.0714285714285714,0,1,1,1,1.0,low
564,0.5846153846153846,0.1964285714285714,1,1,1,1,0.33333333333333215,high
565,0.5384615384615384,0.2857142857142857,1,0,1,0,0.3999999999999986,low
566,0.5846153846153846,0.0357142857142857,0,1,1,0,0.8666666666666671,high
567,0.8461538461538461,0.6428571428571429,0,0,0,0,0.3999999999999986,low
568,0.5846153846153846,0.0,0,0,0,1,0.0,medium
569,0.5384615384615384,0.0535714285714286,0,0,0,0,0.33333333333333215,medium
570,0.5538461538461538,0.0535714285714286,1,0,1,0,1.0,high
571,0.5846153846153846,0.1964285714285714,0,1,0,0,0.0,medium
572,0.6769230769230771,0.5535714285714285,0,0,0,0,1.0,low
573,0.5846153846153846,0.125,0,0,1,0,1.0,medium
574,0.5384615384615384,0.0714285714285714,1,1,1,1,1.0,high
575,0.5538461538461538,0.0714285714285714,0,0,0,0,1.0,medium
576,0.5538461538461538,0.1071428571428571,1,0,1,1,1.0,high
577,0.923076923076923,0.1607142857142857,1,1,1,1,0.5333333333333314,low
578,0.5384615384615384,0.0714285714285714,1,0,1,0,1.0,medium
579,0.5692307692307693,0.0714285714285714,1,0,1,0,1.0,high
580,0.0,0.1071428571428571,1,1,1,1,1.0,low
581,0.5538461538461538,0.1607142857142857,1,0,1,1,0.6666666666666679,high
582,0.5846153846153846,0.125,0,0,1,0,1.0,medium
583,0.5384615384615384,0.0714285714285714,1,1,1,1,1.0,high
584,0.5538461538461538,0.0714285714285714,0,0,0,0,1.0,medium
585,0.0,0.1071428571428571,1,0,0,0,1.0,low
586,0.923076923076923,0.1607142857142857,1,1,1,1,0.5333333333333314,low
587,0.5846153846153846,0.1071428571428571,1,1,1,1,1.0,high
588,0.5538461538461538,0.2857142857142857,0,0,0,1,0.6666666666666679,low
589,0.5384615384615384,0.0357142857142857,0,0,0,0,0.466666666666665,medium
590,0.5538461538461538,0.2857142857142857,0,0,0,0,1.0,low
591,0.5846153846153846,0.1964285714285714,1,1,1,0,0.33333333333333215,high
592,1.0,0.0,1,1,0,1,1.0,low
593,0.5384615384615384,0.0535714285714286,0,0,0,0,1.0,medium
594,1.0,0.0,1,1,0,1,1.0,low
595,0.5384615384615384,0.0535714285714286,0,0,0,0,1.0,medium
596,0.5538461538461538,0.0535714285714286,1,1,1,1,1.0,high
597,0.3846153846153847,0.1964285714285714,1,0,1,1,0.6666666666666679,low
598,0.23076923076923073,0.4642857142857143,0,1,1,1,0.6666666666666679,low
599,0.7846153846153846,0.5714285714285715,1,0,1,1,1.0,low
600,0.5692307692307693,0.1964285714285714,1,1,0,0,0.466666666666665,medium
601,0.5692307692307693,0.1964285714285714,1,1,1,0,0.33333333333333215,medium
602,0.4,0.2857142857142857,0,1,1,1,1.0,low
603,0.5538461538461538,0.017857142857142905,0,1,1,1,1.0,high
604,0.6769230769230771,0.9999999999999999,1,0,1,1,1.0,low
605,0.5846153846153846,0.2857142857142857,0,0,1,0,1.0,low
606,0.5384615384615384,0.0714285714285714,1,0,1,0,1.0,medium
607,0.5692307692307693,0.125,1,0,0,0,0.466666666666665,medium
608,0.5692307692307693,0.2857142857142857,1,1,1,0,0.33333333333333215,low
609,0.5846153846153846,0.1964285714285714,0,1,1,1,1.0,high
610,0.5538461538461538,0.1964285714285714,0,1,0,0,1.0,medium
611,0.6769230769230771,0.5535714285714285,0,0,0,0,1.0,low
612,0.5846153846153846,0.125,0,0,0,0,1.0,medium
613,0.5384615384615384,0.0714285714285714,1,1,1,1,1.0,high
614,0.5846153846153846,0.0714285714285714,0,0,0,0,1.0,medium
615,0.0,0.1071428571428571,1,0,0,0,1.0,low
616,0.923076923076923,0.1607142857142857,1,1,1,1,0.5333333333333314,low
617,0.5846153846153846,0.1071428571428571,1,1,1,1,1.0,high
618,0.5538461538461538,0.2857142857142857,0,0,0,1,0.6666666666666679,low
619,0.5384615384615384,0.0357142857142857,0,0,0,0,0.466666666666665,medium
620,0.5538461538461538,0.0714285714285714,0,0,0,0,1.0,medium
621,0.5846153846153846,0.1964285714285714,1,1,1,0,0.33333333333333215,high
622,1.0,0.0,1,1,0,1,1.0,low
623,0.5384615384615384,0.0535714285714286,0,0,0,0,1.0,medium
624,0.5538461538461538,0.0535714285714286,1,1,1,1,1.0,high
625,0.3846153846153847,0.1964285714285714,1,0,1,1,0.6666666666666679,low
626,0.5384615384615384,0.1071428571428571,1,0,0,0,0.6666666666666679,medium
627,0.7846153846153846,0.5714285714285715,1,0,1,1,1.0,low
628,0.5692307692307693,0.1964285714285714,1,1,0,0,0.466666666666665,medium
629,0.5692307692307693,0.0714285714285714,1,0,1,0,1.0,high
630,0.0,0.1071428571428571,1,1,1,1,1.0,low
631,0.5846153846153846,0.1607142857142857,1,0,1,0,0.6666666666666679,high
632,0.8615384615384615,0.375,0,1,1,1,1.0,low
633,0.5846153846153846,0.375,0,0,0,1,1.0,low
634,0.5846153846153846,0.1964285714285714,0,1,1,1,1.0,high
635,0.5384615384615384,0.0714285714285714,1,0,0,0,1.0,medium
636,0.2615384615384616,0.0714285714285714,1,0,1,0,1.0,low
637,0.0,0.1071428571428571,1,1,1,1,1.0,low
638,0.923076923076923,0.1607142857142857,1,0,1,1,0.6666666666666679,low
639,0.5846153846153846,0.1071428571428571,1,0,1,0,0.33333333333333215,medium
640,0.5538461538461538,0.1964285714285714,0,1,1,1,0.6666666666666679,high
641,0.5384615384615384,0.0357142857142857,0,0,1,0,1.0,medium
642,0.23076923076923073,0.0714285714285714,0,1,1,1,1.0,low
643,0.5846153846153846,0.1964285714285714,1,1,1,1,0.33333333333333215,high
644,0.5384615384615384,0.2857142857142857,1,0,1,0,0.3999999999999986,low
645,0.5846153846153846,0.0357142857142857,0,1,1,0,0.8666666666666671,high
646,0.8461538461538461,0.6428571428571429,0,0,0,0,0.3999999999999986,low
647,0.5846153846153846,0.0,0,0,0,1,0.0,medium
648,0.5384615384615384,0.0535714285714286,0,0,0,0,0.33333333333333215,medium
649,0.5538461538461538,0.0535714285714286,1,0,1,0,1.0,high
650,0.5846153846153846,0.1964285714285714,0,1,0,0,0.0,medium
651,0.6769230769230771,0.5535714285714285,0,0,0,0,1.0,low
652,0.5846153846153846,0.125,0,0,1,0,1.0,medium
653,0.5384615384615384,0.0714285714285714,1,1,1,1,1.0,high
654,0.5538461538461538,0.0714285714285714,0,0,0,0,1.0,medium
655,0.5692307692307693,0.0714285714285714,1,0,1,0,1.0,high
656,0.0,0.1071428571428571,1,1,1,1,1.0,low
657,0.923076923076923,0.1607142857142857,1,0,1,1,0.6666666666666679,low
658,0.8615384615384615,0.375,0,1,1,1,1.0,low
659,0.5846153846153846,0.1964285714285714,0,0,0,1,1.0,medium
660,0.5846153846153846,0.1964285714285714,0,1,1,1,1.0,high
661,0.5384615384615384,0.0714285714285714,1,0,0,0,1.0,medium
662,0.2615384615384616,0.0714285714285714,1,0,1,0,1.0,low
663,0.0,0.1071428571428571,1,1,1,1,1.0,low
664,0.923076923076923,0.1607142857142857,1,0,1,1,0.6666666666666679,low
665,0.5846153846153846,0.1071428571428571,1,0,1,0,0.33333333333333215,medium
666,0.5384615384615384,0.0535714285714286,0,0,0,0,1.0,medium
667,0.5538461538461538,0.0535714285714286,1,1,1,1,1.0,high
668,0.3846153846153847,0.1964285714285714,1,0,1,1,0.6666666666666679,low
669,0.23076923076923073,0.4642857142857143,0,1,1,1,0.6666666666666679,low
670,0.7846153846153846,0.5714285714285715,1,0,1,1,1.0,low
671,0.5692307692307693,0.1964285714285714,1,1,0,0,0.466666666666665,medium
672,0.5692307692307693,0.1964285714285714,1,1,1,0,0.33333333333333215,medium
673,0.4,0.2857142857142857,0,1,1,1,1.0,low
674,0.8615384615384615,0.375,0,1,1,1,1.0,low
675,0.6769230769230771,0.9999999999999999,1,0,1,1,1.0,low
676,0.5846153846153846,0.1964285714285714,0,0,1,0,1.0,medium
677,0.5384615384615384,0.0714285714285714,1,0,1,0,1.0,medium
678,0.5692307692307693,0.0714285714285714,1,0,1,0,1.0,high
679,0.0,0.1071428571428571,1,1,1,1,1.0,low
680,0.923076923076923,0.1607142857142857,1,0,1,1,0.6666666666666679,low
681,0.8615384615384615,0.375,0,1,1,1,1.0,low
682,0.5846153846153846,0.1964285714285714,0,0,0,1,1.0,medium
683,0.5846153846153846,0.1964285714285714,0,1,1,1,1.0,high
684,0.5384615384615384,0.0714285714285714,1,0,0,0,1.0,medium
685,0.2615384615384616,0.0714285714285714,1,0,1,0,1.0,low
686,0.0,0.1071428571428571,1,1,1,1,1.0,low
687,0.923076923076923,0.1607142857142857,1,0,1,1,0.6666666666666679,low
688,0.5846153846153846,0.1071428571428571,1,0,1,0,0.33333333333333215,medium
689,0.5538461538461538,0.1964285714285714,0,1,1,1,0.6666666666666679,high
690,0.5384615384615384,0.0357142857142857,0,0,1,0,1.0,medium
691,0.23076923076923073,0.0714285714285714,0,1,1,1,1.0,low
692,0.5846153846153846,0.1964285714285714,1,1,1,1,0.33333333333333215,high
693,0.5384615384615384,0.017857142857142905,1,0,1,0,0.3999999999999986,medium
694,0.5846153846153846,0.0357142857142857,0,1,1,0,0.8666666666666671,high
695,0.8461538461538461,0.6428571428571429,0,0,0,0,0.3999999999999986,low
696,0.5846153846153846,0.0,0,0,0,1,0.0,medium
697,0.5384615384615384,0.0535714285714286,0,0,0,0,0.33333333333333215,medium
698,0.5538461538461538,0.0535714285714286,1,0,1,0,1.0,high
699,0.5846153846153846,0.1964285714285714,0,1,0,0,0.0,medium
700,0.6769230769230771,0.5535714285714285,0,0,0,0,1.0,low
701,0.5846153846153846,0.125,0,0,1,0,1.0,medium
702,0.5384615384615384,0.0714285714285714,1,1,1,1,1.0,high
703,0.5538461538461538,0.0714285714285714,0,0,0,0,1.0,medium
704,0.0,0.1071428571428571,1,0,0,0,1.0,low
705,0.923076923076923,0.1607142857142857,1,1,1,1,0.5333333333333314,low
706,0.5384615384615384,0.0714285714285714,1,0,1,0,1.0,medium
707,0.5692307692307693,0.0714285714285714,1,0,1,0,1.0,high
708,0.0,0.1071428571428571,1,1,1,1,1.0,low
709,0.5538461538461538,0.1607142857142857,1,0,1,1,0.6666666666666679,high
710,0.8615384615384615,0.375,0,1,1,1,1.0,low
711,0.5846153846153846,0.1964285714285714,0,0,0,1,1.0,medium
712,0.5846153846153846,0.1964285714285714,0,1,1,1,1.0,high
713,0.5384615384615384,0.0714285714285714,1,0,0,0,1.0,medium
714,0.5538461538461538,0.0714285714285714,1,0,1,0,1.0,high
715,0.0,0.1071428571428571,1,1,1,1,1.0,low
716,0.923076923076923,0.1607142857142857,1,0,1,1,0.6666666666666679,low
717,0.5846153846153846,0.1071428571428571,1,0,1,0,0.33333333333333215,medium
718,0.5538461538461538,0.1964285714285714,0,0,0,1,0.6666666666666679,medium
719,0.5384615384615384,0.0357142857142857,0,0,1,0,1.0,medium
720,0.5846153846153846,0.1964285714285714,0,1,1,1,1.0,high
721,0.5384615384615384,0.0714285714285714,1,0,0,0,1.0,medium
722,0.2615384615384616,0.0714285714285714,1,0,1,0,1.0,low
723,0.0,0.1071428571428571,1,1,1,1,1.0,low
724,0.923076923076923,0.1607142857142857,1,0,1,1,0.6666666666666679,low
725,0.5846153846153846,0.1071428571428571,1,0,1,0,0.33333333333333215,medium
726,0.5538461538461538,0.1964285714285714,0,1,1,1,0.6666666666666679,high
727,0.5384615384615384,0.0357142857142857,0,0,1,0,1.0,medium
728,0.23076923076923073,0.0714285714285714,0,1,1,1,1.0,low
729,0.5846153846153846,0.1964285714285714,1,1,1,1,0.33333333333333215,high
730,0.3846153846153847,0.1964285714285714,1,0,1,1,0.6666666666666679,low
731,0.23076923076923073,0.4642857142857143,0,1,1,1,0.6666666666666679,low
732,0.7846153846153846,0.5714285714285715,1,0,1,1,1.0,low
733,0.5692307692307693,0.1964285714285714,1,1,0,0,0.466666666666665,medium
734,0.5692307692307693,0.1964285714285714,1,1,1,0,0.33333333333333215,medium
735,0.4,0.2857142857142857,0,1,1,1,1.0,low
736,0.5538461538461538,0.017857142857142905,0,1,1,1,1.0,high
737,0.6769230769230771,0.9999999999999999,1,0,1,1,1.0,low
738,0.5846153846153846,0.2857142857142857,0,0,1,0,1.0,low
739,0.5384615384615384,0.0714285714285714,1,0,1,0,1.0,medium
740,0.5692307692307693,0.125,1,0,0,0,0.466666666666665,medium
741,0.5692307692307693,0.2857142857142857,1,1,1,0,0.33333333333333215,low
742,0.5846153846153846,0.1964285714285714,0,1,1,1,1.0,high
743,0.8615384615384615,0.375,0,1,0,0,1.0,low
744,0.6769230769230771,0.5535714285714285,0,0,0,0,1.0,low
745,0.5846153846153846,0.125,0,0,0,0,1.0,medium
746,0.5384615384615384,0.0714285714285714,1,1,1,1,1.0,high
747,0.5846153846153846,0.0714285714285714,0,0,0,0,1.0,medium
748,0.0,0.1071428571428571,1,0,0,0,1.0,low
749,0.923076923076923,0.1607142857142857,1,1,1,1,0.5333333333333314,low
750,0.5846153846153846,0.1071428571428571,1,1,1,1,1.0,high
751,0.5538461538461538,0.1964285714285714,0,0,0,1,0.6666666666666679,medium
752,0.5384615384615384,0.0357142857142857,0,0,0,0,0.466666666666665,medium
753,0.5538461538461538,0.0714285714285714,0,0,0,0,1.0,medium
754,0.5846153846153846,0.1964285714285714,1,1,1,0,0.33333333333333215,high
755,1.0,0.0,1,1,0,1,1.0,low
756,0.5384615384615384,0.0535714285714286,0,0,0,0,1.0,medium
757,0.5538461538461538,0.0535714285714286,1,1,1,1,1.0,high
758,0.3846153846153847,0.1964285714285714,1,0,1,1,0.6666666666666679,low
759,0.23076923076923073,0.4642857142857143,0,1,1,1,0.6666666666666679,low
760,0.7846153846153846,0.5714285714285715,1,0,1,1,1.0,low
761,0.5692307692307693,0.1964285714285714,1,1,0,0,0.466666666666665,medium
762,0.5692307692307693,0.1964285714285714,1,1,1,0,0.33333333333333215,medium
763,0.4,0.2857142857142857,0,1,1,1,1.0,low
764,0.8615384615384615,0.375,0,1,1,1,1.0,low
765,0.6769230769230771,0.9999999999999999,1,0,1,1,1.0,low
766,0.5846153846153846,0.1964285714285714,0,0,1,0,1.0,medium
767,0.5384615384615384,0.0714285714285714,1,0,1,0,1.0,medium
768,0.5692307692307693,0.0714285714285714,1,0,1,0,1.0,high
769,0.0,0.1071428571428571,1,1,1,1,1.0,low
770,0.923076923076923,0.1607142857142857,1,0,1,1,0.6666666666666679,low
771,0.8615384615384615,0.375,0,1,1,1,1.0,low
772,0.5846153846153846,0.1964285714285714,0,0,0,1,1.0,medium
773,0.5846153846153846,0.1964285714285714,0,1,1,1,1.0,high
774,0.5384615384615384,0.0714285714285714,1,0,0,0,1.0,medium
775,0.2615384615384616,0.0714285714285714,1,0,1,0,1.0,low
776,0.0,0.1071428571428571,1,1,1,1,1.0,low
777,0.923076923076923,0.1607142857142857,1,0,1,1,0.6666666666666679,low
778,0.5846153846153846,0.1071428571428571,1,0,1,0,0.33333333333333215,medium
779,0.5384615384615384,0.0535714285714286,0,0,0,0,1.0,medium
780,0.5538461538461538,0.0535714285714286,1,1,1,1,1.0,high
781,0.3846153846153847,0.1964285714285714,1,0,1,1,0.6666666666666679,low
782,0.23076923076923073,0.4642857142857143,0,1,1,1,0.6666666666666679,low
783,0.7846153846153846,0.5714285714285715,1,0,1,1,1.0,low
784,0.5692307692307693,0.1964285714285714,1,1,0,0,0.466666666666665,medium
785,0.5692307692307693,0.1964285714285714,1,1,1,0,0.33333333333333215,medium
786,0.4,0.2857142857142857,0,1,1,1,1.0,low
787,0.8615384615384615,0.375,0,1,1,1,1.0,low
788,0.6769230769230771,0.9999999999999999,1,0,1,1,1.0,low
789,0.5846153846153846,0.1964285714285714,0,0,1,0,1.0,medium
790,0.5384615384615384,0.0714285714285714,1,0,1,0,1.0,medium
791,0.5692307692307693,0.0714285714285714,1,0,1,0,1.0,high
792,0.0,0.1071428571428571,1,1,1,1,1.0,low
793,0.923076923076923,0.1607142857142857,1,0,1,1,0.6666666666666679,low
794,0.8615384615384615,0.375,0,1,1,1,1.0,low
795,0.5846153846153846,0.1964285714285714,0,0,0,1,1.0,medium
796,0.5846153846153846,0.1964285714285714,0,1,1,1,1.0,high
797,0.5384615384615384,0.0714285714285714,1,0,0,0,1.0,medium
798,0.2615384615384616,0.0714285714285714,1,0,1,0,1.0,low
799,0.0,0.1071428571428571,1,1,1,1,1.0,low
800,0.923076923076923,0.1607142857142857,1,0,1,1,0.6666666666666679,low
801,0.5846153846153846,0.1071428571428571,1,0,1,0,0.33333333333333215,medium
802,0.5538461538461538,0.1964285714285714,0,1,1,1,0.6666666666666679,high
803,0.5384615384615384,0.0357142857142857,0,0,1,0,1.0,medium
804,0.23076923076923073,0.0714285714285714,0,1,1,1,1.0,low
805,0.5846153846153846,0.1964285714285714,1,1,1,1,0.33333333333333215,high
806,0.5384615384615384,0.017857142857142905,1,0,1,0,0.3999999999999986,medium
807,0.5846153846153846,0.0357142857142857,0,1,1,0,0.8666666666666671,high
808,0.8461538461538461,0.6428571428571429,0,0,0,0,0.3999999999999986,low
809,0.5846153846153846,0.0,0,0,0,1,0.0,medium
810,0.5384615384615384,0.0535714285714286,0,0,0,0,0.33333333333333215,medium
811,0.5538461538461538,0.0535714285714286,1,0,1,0,1.0,high
812,0.5846153846153846,0.1964285714285714,0,1,0,0,0.0,medium
813,0.6769230769230771,0.5535714285714285,0,0,0,0,1.0,low
814,0.5846153846153846,0.125,0,0,1,0,1.0,medium
815,0.5384615384615384,0.0714285714285714,1,1,1,1,1.0,high
816,0.5538461538461538,0.0714285714285714,0,0,0,0,1.0,medium
817,0.0,0.1071428571428571,1,0,0,0,1.0,low
818,0.923076923076923,0.1607142857142857,1,1,1,1,0.5333333333333314,low
819,0.5384615384615384,0.0714285714285714,1,0,1,0,1.0,medium
820,0.5692307692307693,0.0714285714285714,1,0,1,0,1.0,high
821,0.5538461538461538,0.1071428571428571,0,0,0,0,1.0,medium
822,0.5538461538461538,0.1607142857142857,1,0,1,1,0.6666666666666679,high
823,0.8615384615384615,0.375,0,1,1,1,1.0,low
824,0.5846153846153846,0.1964285714285714,0,0,0,1,1.0,medium
825,0.5846153846153846,0.1964285714285714,0,1,1,1,1.0,high
826,0.5384615384615384,0.0714285714285714,1,0,0,0,1.0,medium
827,0.5538461538461538,0.0714285714285714,1,0,1,0,1.0,high
828,0.0,0.1071428571428571,1,1,1,1,1.0,low
829,0.923076923076923,0.1607142857142857,1,0,1,1,0.6666666666666679,low
830,0.5846153846153846,0.1071428571428571,1,0,1,0,0.33333333333333215,medium
831,0.5538461538461538,0.1964285714285714,0,1,1,1,0.6666666666666679,high
832,0.5384615384615384,0.0357142857142857,0,0,1,0,1.0,medium
833,0.5846153846153846,0.1964285714285714,0,1,1,1,1.0,high
834,0.5384615384615384,0.0714285714285714,1,0,0,0,1.0,medium
835,0.2615384615384616,0.0714285714285714,1,0,1,0,1.0,low
836,0.0,0.1071428571428571,1,1,1,1,1.0,low
837,0.923076923076923,0.1607142857142857,1,0,1,1,0.6666666666666679,low
838,0.5846153846153846,0.1071428571428571,1,0,1,0,0.33333333333333215,medium
839,0.5538461538461538,0.1964285714285714,0,1,1,1,0.6666666666666679,high
840,0.5384615384615384,0.0357142857142857,0,0,1,0,1.0,medium
841,0.23076923076923073,0.0714285714285714,0,1,1,1,1.0,low
842,0.5846153846153846,0.1964285714285714,1,1,1,1,0.33333333333333215,high
843,0.5384615384615384,0.017857142857142905,1,0,1,0,0.3999999999999986,medium
844,0.5846153846153846,0.0357142857142857,0,1,1,0,0.8666666666666671,high
845,0.8461538461538461,0.6428571428571429,0,0,0,0,0.3999999999999986,low
846,0.5846153846153846,0.0,0,0,0,1,0.0,medium
847,0.5384615384615384,0.0535714285714286,0,1,1,1,0.33333333333333215,low
848,0.5538461538461538,0.0535714285714286,1,0,1,0,1.0,high
849,0.5846153846153846,0.1964285714285714,0,1,0,0,0.0,medium
850,0.6769230769230771,0.5535714285714285,0,0,0,0,1.0,low
851,0.5846153846153846,0.125,0,0,1,0,1.0,medium
852,0.5384615384615384,0.0714285714285714,1,1,1,1,1.0,high
853,0.5538461538461538,0.0714285714285714,0,0,0,0,1.0,medium
854,0.0,0.1071428571428571,1,0,0,0,1.0,low
855,0.923076923076923,0.1607142857142857,1,1,1,1,0.5333333333333314,low
856,0.5846153846153846,0.1071428571428571,1,1,1,1,1.0,high
857,0.5538461538461538,0.2857142857142857,0,0,0,1,0.6666666666666679,low
858,0.5384615384615384,0.0357142857142857,0,0,0,0,0.466666666666665,medium
859,0.5538461538461538,0.2857142857142857,0,0,0,0,1.0,low
860,0.5846153846153846,0.1964285714285714,1,1,1,0,0.33333333333333215,high
861,0.5538461538461538,0.1071428571428571,1,0,0,0,1.0,medium
862,0.923076923076923,0.1607142857142857,1,1,1,1,0.5333333333333314,low
863,0.5846153846153846,0.1071428571428571,1,1,1,1,1.0,high
864,0.5538461538461538,0.2857142857142857,0,0,0,1,0.6666666666666679,low
865,0.5384615384615384,0.0357142857142857,0,0,0,0,0.466666666666665,medium
866,0.5538461538461538,0.0714285714285714,0,0,0,0,1.0,medium
867,0.5846153846153846,0.1964285714285714,1,1,1,0,0.33333333333333215,high
868,1.0,0.0,1,1,0,1,1.0,low
869,0.5384615384615384,0.0535714285714286,0,0,0,0,1.0,medium
870,0.5538461538461538,0.0535714285714286,1,1,1,1,1.0,high
871,0.3846153846153847,0.1964285714285714,1,0,1,1,0.6666666666666679,low
872,0.5384615384615384,0.1071428571428571,1,0,0,0,0.6666666666666679,medium
873,0.7846153846153846,0.5714285714285715,1,0,1,1,1.0,low
874,0.5692307692307693,0.1964285714285714,1,1,0,0,0.466666666666665,medium
875,0.5692307692307693,0.0714285714285714,1,0,1,0,1.0,high
876,0.0,0.1071428571428571,1,1,1,1,1.0,low
877,0.5846153846153846,0.1607142857142857,1,0,1,0,0.6666666666666679,high
878,0.8615384615384615,0.375,0,1,1,1,1.0,low
879,0.5846153846153846,0.375,0,0,0,1,1.0,low
880,0.5846153846153846,0.1964285714285714,0,1,1,1,1.0,high
881,0.5384615384615384,0.0714285714285714,1,0,0,0,1.0,medium
882,0.2615384615384616,0.0714285714285714,1,0,1,0,1.0,low
883,0.5538461538461538,0.1071428571428571,1,1,1,1,1.0,high
884,0.923076923076923,0.1607142857142857,1,0,1,1,0.6666666666666679,low
885,0.5846153846153846,0.1071428571428571,1,0,1,0,0.33333333333333215,medium
886,0.5538461538461538,0.1964285714285714,0,1,1,1,0.6666666666666679,high
887,0.5384615384615384,0.0357142857142857,0,0,1,0,1.0,medium
888,0.23076923076923073,0.0714285714285714,0,1,1,1,1.0,low
889,0.5846153846153846,0.1964285714285714,1,1,1,1,0.33333333333333215,high
890,0.5384615384615384,0.2857142857142857,1,0,1,0,0.3999999999999986,low
891,0.5538461538461538,0.0535714285714286,1,0,1,0,1.0,high
892,0.5846153846153846,0.1964285714285714,0,1,0,0,0.0,medium
893,0.6769230769230771,0.5535714285714285,0,0,0,0,1.0,low
894,0.5846153846153846,0.125,0,0,1,0,1.0,medium
895,0.5384615384615384,0.0714285714285714,1,1,1,1,1.0,high
896,0.5538461538461538,0.0714285714285714,0,0,0,0,1.0,medium
897,0.5692307692307693,0.0714285714285714,1,0,1,0,1.0,high
898,0.0,0.1071428571428571,1,1,1,1,1.0,low
899,0.5538461538461538,0.1607142857142857,0,0,1,0,0.6666666666666679,medium
900,0.8615384615384615,0.375,0,1,1,1,1.0,low
901,0.5846153846153846,0.1964285714285714,0,0,0,1,1.0,medium
902,0.5846153846153846,0.1964285714285714,0,1,1,1,1.0,high
903,0.5384615384615384,0.0714285714285714,1,0,0,0,1.0,medium
904,0.2615384615384616,0.0714285714285714,1,0,1,0,1.0,low
905,0.0,0.1071428571428571,1,1,1,1,1.0,low
906,0.923076923076923,0.1607142857142857,1,0,1,1,0.6666666666666679,low
907,0.5846153846153846,0.1071428571428571,1,0,1,0,0.33333333333333215,medium
908,0.5384615384615384,0.0535714285714286,0,0,0,0,1.0,medium
909,0.5538461538461538,0.0535714285714286,1,1,1,1,1.0,high
910,0.3846153846153847,0.1964285714285714,1,0,1,1,0.6666666666666679,low
911,0.5384615384615384,0.1071428571428571,0,0,1,0,0.6666666666666679,medium
912,0.7846153846153846,0.5714285714285715,1,0,1,1,1.0,low
913,0.5692307692307693,0.1964285714285714,1,1,0,0,0.466666666666665,medium
914,0.5692307692307693,0.1964285714285714,1,1,1,0,0.33333333333333215,medium
915,0.4,0.2857142857142857,0,1,1,1,1.0,low
916,0.8615384615384615,0.375,0,1,1,1,1.0,low
917,0.5692307692307693,0.125,1,0,0,0,0.466666666666665,medium
918,0.5692307692307693,0.2857142857142857,1,1,1,0,0.33333333333333215,low
919,0.5846153846153846,0.1964285714285714,0,1,1,1,1.0,high
920,0.8615384615384615,0.375,0,1,0,0,1.0,low
921,0.6769230769230771,0.5535714285714285,0,0,0,0,1.0,low
922,0.5846153846153846,0.125,0,0,0,0,1.0,medium
923,0.5384615384615384,0.0714285714285714,1,1,1,1,1.0,high
924,0.5846153846153846,0.0714285714285714,0,0,0,0,1.0,medium
925,0.0,0.1071428571428571,1,0,0,0,1.0,low
926,0.923076923076923,0.1607142857142857,1,1,1,1,0.5333333333333314,low
927,0.5846153846153846,0.1071428571428571,1,1,1,1,1.0,high
928,0.5538461538461538,0.1964285714285714,0,0,0,1,0.6666666666666679,medium
929,0.5384615384615384,0.0357142857142857,0,0,0,0,0.466666666666665,medium
930,0.5538461538461538,0.0714285714285714,0,1,1,1,1.0,high
931,0.5846153846153846,0.1964285714285714,1,1,1,0,0.33333333333333215,high
932,1.0,0.0,1,1,0,1,1.0,low
933,0.5384615384615384,0.0535714285714286,0,0,0,0,1.0,medium
934,0.5538461538461538,0.0535714285714286,1,1,1,1,1.0,high
935,0.3846153846153847,0.1964285714285714,1,0,1,1,0.6666666666666679,low
936,0.23076923076923073,0.4642857142857143,0,1,1,1,0.6666666666666679,low
937,0.7846153846153846,0.5714285714285715,1,0,1,1,1.0,low
938,0.5692307692307693,0.1964285714285714,1,1,0,0,0.466666666666665,medium
939,0.5692307692307693,0.1964285714285714,1,1,1,0,0.33333333333333215,medium
940,0.4,0.2857142857142857,0,1,1,1,1.0,low
941,0.8615384615384615,0.375,0,1,1,1,1.0,low
942,0.5538461538461538,0.1964285714285714,1,0,0,1,1.0,medium
943,0.923076923076923,0.1607142857142857,1,0,1,1,0.6666666666666679,low
944,0.5846153846153846,0.1071428571428571,1,0,1,0,0.33333333333333215,medium
945,0.5538461538461538,0.1964285714285714,0,1,1,1,0.6666666666666679,high
946,0.5384615384615384,0.0357142857142857,0,0,1,0,1.0,medium
947,0.23076923076923073,0.0714285714285714,0,1,1,1,1.0,low
948,0.5846153846153846,0.1964285714285714,1,1,1,1,0.33333333333333215,high
949,0.5384615384615384,0.017857142857142905,1,0,1,0,0.3999999999999986,medium
950,0.5846153846153846,0.0357142857142857,0,1,1,0,0.8666666666666671,high
951,0.8461538461538461,0.6428571428571429,0,0,0,0,0.3999999999999986,low
952,0.5846153846153846,0.0,0,0,0,1,0.0,medium
953,0.5384615384615384,0.0535714285714286,0,0,0,0,0.33333333333333215,medium
954,0.5538461538461538,0.0535714285714286,1,0,1,0,1.0,high
955,0.5846153846153846,0.1964285714285714,0,1,0,0,0.0,medium
956,0.6769230769230771,0.5535714285714285,0,0,0,0,1.0,low
957,0.5846153846153846,0.125,1,1,1,0,1.0,high
958,0.5384615384615384,0.0714285714285714,1,1,1,1,1.0,high
959,0.5538461538461538,0.0714285714285714,0,0,0,0,1.0,medium
960,0.0,0.1071428571428571,1,0,0,0,1.0,low
961,0.923076923076923,0.1607142857142857,1,1,1,1,0.5333333333333314,low
962,0.5384615384615384,0.0714285714285714,1,0,1,0,1.0,medium
963,0.5692307692307693,0.0714285714285714,1,0,1,0,1.0,high
964,0.0,0.1071428571428571,1,1,1,1,1.0,low
965,0.5538461538461538,0.1607142857142857,1,0,1,1,0.6666666666666679,high
966,0.8615384615384615,0.375,0,1,1,1,1.0,low
967,0.5384615384615384,0.1071428571428571,1,0,0,0,0.6666666666666679,medium
968,0.7846153846153846,0.5714285714285715,1,0,1,1,1.0,low
969,0.5692307692307693,0.1964285714285714,1,1,0,0,0.466666666666665,medium
970,0.5692307692307693,0.0714285714285714,1,0,1,0,1.0,high
971,0.0,0.1071428571428571,1,1,1,1,1.0,low
972,0.5846153846153846,0.1607142857142857,1,0,1,0,0.6666666666666679,high
973,0.8615384615384615,0.375,0,1,1,1,1.0,low
974,0.5846153846153846,0.375,0,0,0,1,1.0,low
975,0.5846153846153846,0.1964285714285714,0,1,1,1,1.0,high
976,0.5384615384615384,0.0714285714285714,1,0,0,0,1.0,medium
977,0.2615384615384616,0.0714285714285714,1,0,1,0,1.0,low
978,0.0,0.1071428571428571,1,1,1,1,1.0,low
979,0.923076923076923,0.1607142857142857,1,0,1,1,0.6666666666666679,low
980,0.5846153846153846,0.1071428571428571,1,0,1,0,0.33333333333333215,medium
981,0.5538461538461538,0.1964285714285714,0,1,1,1,0.6666666666666679,high
982,0.5384615384615384,0.0357142857142857,0,0,1,0,1.0,medium
983,0.23076923076923073,0.0714285714285714,0,1,1,1,1.0,low
984,0.5846153846153846,0.1964285714285714,1,1,1,1,0.33333333333333215,high
985,0.5384615384615384,0.1964285714285714,1,0,0,0,0.3999999999999986,medium
986,0.5846153846153846,0.0357142857142857,0,1,1,0,0.8666666666666671,high
987,0.8461538461538461,0.6428571428571429,0,0,0,0,0.3999999999999986,low
988,0.5846153846153846,0.0,0,0,0,1,0.0,medium
989,0.5384615384615384,0.0535714285714286,0,0,0,0,0.33333333333333215,medium
990,0.5538461538461538,0.0535714285714286,1,0,1,0,1.0,high
991,0.5846153846153846,0.1964285714285714,0,1,0,0,0.0,medium
992,0.6769230769230771,0.5535714285714285,0,0,0,0,1.0,low
993,0.5846153846153846,0.125,0,0,1,0,1.0,medium
994,0.5384615384615384,0.0714285714285714,1,1,1,1,1.0,high
995,0.5538461538461538,0.0714285714285714,0,0,0,0,1.0,medium
996,0.5692307692307693,0.0714285714285714,1,0,1,0,1.0,high
997,0.0,0.1071428571428571,1,1,1,1,1.0,low
998,0.5538461538461538,0.1607142857142857,0,0,0,1,0.6666666666666679,medium
999,0.8615384615384615,0.375,0,1,1,1,1.0,low
1000,0.5846153846153846,0.1964285714285714,0,0,0,1,1.0,medium
1001,0.5846153846153846,0.1964285714285714,0,1,1,1,1.0,high
1002,0.5384615384615384,0.0714285714285714,1,0,0,0,1.0,medium
1003,0.2615384615384616,0.0714285714285714,1,0,1,0,1.0,low
1004,0.0,0.1071428571428571,1,1,1,1,1.0,low
1005,0.923076923076923,0.1607142857142857,1,0,1,1,0.6666666666666679,low
1006,0.5846153846153846,0.1071428571428571,1,0,1,0,0.33333333333333215,medium
1007,0.5384615384615384,0.0535714285714286,0,0,0,0,1.0,medium
1008,0.0,0.1071428571428571,1,1,1,1,1.0,low
1009,0.923076923076923,0.1607142857142857,1,0,1,1,0.6666666666666679,low
1010,0.5846153846153846,0.1071428571428571,1,0,1,0,0.33333333333333215,medium
1011,0.5538461538461538,0.1964285714285714,0,1,1,1,0.6666666666666679,high
1012,0.5384615384615384,0.0357142857142857,0,0,1,0,1.0,medium
1013,0.5846153846153846,0.1964285714285714,0,1,1,1,1.0,high
1014,0.5384615384615384,0.0714285714285714,1,0,0,0,1.0,medium
1015,0.2615384615384616,0.0714285714285714,1,0,1,0,1.0,low
1016,0.0,0.1071428571428571,1,1,1,1,1.0,low
1017,0.923076923076923,0.1607142857142857,1,0,1,1,0.6666666666666679,low
1018,0.5846153846153846,0.1071428571428571,1,0,1,0,0.33333333333333215,medium
1019,0.5538461538461538,0.1964285714285714,0,1,1,1,0.6666666666666679,high
1020,0.5384615384615384,0.0357142857142857,0,0,1,0,1.0,medium
1021,0.23076923076923073,0.0714285714285714,0,1,1,1,1.0,low
1022,0.5846153846153846,0.1964285714285714,1,1,1,1,0.33333333333333215,high
1023,0.5384615384615384,0.017857142857142905,1,0,1,0,0.3999999999999986,medium
1024,0.5846153846153846,0.0357142857142857,0,1,1,0,0.8666666666666671,high
1025,0.8461538461538461,0.6428571428571429,0,0,0,0,0.3999999999999986,low
1026,0.5846153846153846,0.0,0,0,0,1,0.0,medium
1027,0.5384615384615384,0.0535714285714286,0,1,1,1,0.33333333333333215,low
1028,0.5538461538461538,0.0535714285714286,1,0,1,0,1.0,high
1029,0.5846153846153846,0.1964285714285714,0,1,0,0,0.0,medium
1030,0.6769230769230771,0.5535714285714285,0,0,0,0,1.0,low
1031,0.5846153846153846,0.125,0,0,1,0,1.0,medium
1032,0.5384615384615384,0.0714285714285714,1,1,1,1,1.0,high
1033,0.5538461538461538,0.0714285714285714,0,0,0,0,1.0,medium
1034,0.0,0.1071428571428571,1,0,0,0,1.0,low
1035,0.923076923076923,0.1607142857142857,1,1,1,1,0.5333333333333314,low
1036,0.5846153846153846,0.1071428571428571,1,1,1,1,1.0,high
1037,0.5538461538461538,0.2857142857142857,0,0,0,1,0.6666666666666679,low
1038,0.5384615384615384,0.0357142857142857,0,0,0,0,0.466666666666665,medium
1039,0.5538461538461538,0.2857142857142857,0,0,0,0,1.0,low
1040,0.5846153846153846,0.1964285714285714,1,1,1,0,0.33333333333333215,high
1041,0.5538461538461538,0.1071428571428571,1,0,0,0,1.0,medium
1042,0.923076923076923,0.1607142857142857,1,1,1,1,0.5333333333333314,low
1043,0.5846153846153846,0.1071428571428571,1,1,1,1,1.0,high
1044,0.5538461538461538,0.2857142857142857,0,0,0,1,0.6666666666666679,low
1045,0.5384615384615384,0.0357142857142857,0,0,0,0,0.466666666666665,medium
1046,0.5538461538461538,0.0714285714285714,0,0,0,0,1.0,medium
1047,0.5846153846153846,0.1964285714285714,1,1,1,0,0.33333333333333215,high
1048,1.0,0.0,1,1,0,1,1.0,low
1049,0.5384615384615384,0.0535714285714286,0,0,0,0,1.0,medium
1050,0.5538461538461538,0.0535714285714286,1,1,1,1,1.0,high
1051,0.3846153846153847,0.1964285714285714,1,0,1,1,0.6666666666666679,low
1052,0.5384615384615384,0.1071428571428571,1,0,0,0,0.6666666666666679,medium
1053,0.7846153846153846,0.5714285714285715,1,0,1,1,1.0,low
1054,0.5692307692307693,0.1964285714285714,1,1,0,0,0.466666666666665,medium
1055,0.5692307692307693,0.0714285714285714,1,0,1,0,1.0,high
1056,0.0,0.1071428571428571,1,1,1,1,1.0,low
1057,0.5846153846153846,0.1607142857142857,1,0,1,0,0.6666666666666679,high
1058,0.8615384615384615,0.375,0,1,1,1,1.0,low
